SMILES,id1,id2,qm,bde,type
CCC(C)CC(C)C,2,4,-0.030523501145157478,-0.02985865631274702,C-C
C=CCC(C)C,1,2,0.9348311955157078,0.9873539372761814,C-C
CCC(=O)C(C)=O,2,4,-0.7279457303443647,-0.900805386771241,C-C
CCCCCCC,0,1,0.22943082832756848,0.14964944843824057,C-C
CCC(C)CC,1,2,-0.05445791511195576,-0.0032648630163040642,C-C
C=CCCC=C,2,3,-1.640112840412345,-1.6121893574510802,C-C
CCCCCCCC,3,4,0.12172596547697574,0.08316496519713412,C-C
C=CCCCCCC,2,3,-0.7492207649815182,-0.8276724552060243,C-C
