SMILES,id1,id2,qm,bde,type
Nc1ccc(O)cc1,5,5,1.573192942,0.432616353,O-H
Nc1cccc(O)c1,6,6,2.207256899,1.018222246,O-H
Oc1ccc(Br)cc1,0,0,1.010428829,1.313367615,O-H
CC(C)(C)c1ccc(O)cc1,8,8,0.811280987,0.659831439,O-H
Cc1cccc(O)c1C,6,6,0.49463721,0.36468607,O-H
Cc1ccc(O)cc1C,5,5,0.698702284,0.313152751,O-H
Cc1cc(C)cc(O)c1,7,7,1.033979776,0.392795152,O-H
Cc1ccc(O)c(C)c1,5,5,0.216037272,0.643434474,O-H
CC(=O)c1ccc(O)cc1,7,7,1.503057704,1.259491873,O-H
