SMILES,id1,id2,qm,bde,type
CCCCCCCC,2,3,0.12970410346590883,0.06321962022480238,C-C
C1CCC(C2CCCCC2)CC1,3,4,-0.12360177768270687,0.16294634508646205,C-C
C=CCCCC,1,2,0.9015889538951546,0.9873539372761814,C-C
CCC(C)(C)C(C)C,2,5,-0.38422095198784423,-0.40882021078705394,C-C
CCCCC=O,2,3,-0.24460353718152109,-0.3223903825736148,C-C
C=CC(C)CC,2,4,-0.874211593474799,-0.9938836633087904,C-C
CCCC(C)C,2,3,-0.008583621675592467,0.05657117190069117,C-C
CCCCC(C)=O,3,4,-0.12559631217994013,-0.18942141609140192,C-C
