SMILES,id,qm,nmr,type
Cc1ccnc3c1[nH]c(=O)c2cccnc2n3C4CC4,3,-1.392893776,1.508805888,H
Cc1ccnc3c1[nH]c(=O)c2cccnc2n3C4CC4,2,-0.97692935,1.104595295,H
Cc1ccnc3c1[nH]c(=O)c2cccnc2n3C4CC4,11,-1.46098681,1.484793378,H
Cc1ccnc3c1[nH]c(=O)c2cccnc2n3C4CC4,12,-0.992662968,1.156622401,H
Cc1ccnc3c1[nH]c(=O)c2cccnc2n3C4CC4,13,-1.555572751,1.680895547,H
Cc1ccnc3c1[nH]c(=O)c2cccnc2n3C4CC4,0,0.846143722,-0.788390949,H
Cc1ccnc3c1[nH]c(=O)c2cccnc2n3C4CC4,17,0.361865181,-0.276124058,H
Cc1ccnc3c1[nH]c(=O)c2cccnc2n3C4CC4,18,1.592366732,-1.58480588,H
Cc1ccnc3c1[nH]c(=O)c2cccnc2n3C4CC4,19,1.408795576,-1.372695371,H
