SMILES,id,qm,nmr,type
c1ccc(cc1)N(=O)=O,1,7.605982509759489,1.304699548882766,H
C(C)(OC)OC,0,9.194169953515804,0.10327360740598476,H
c1ncccn1,3,7.78899786053808,1.204647421844393,H
C(=C(\C)/C(C)C)\C,3,10.07018635701298,-0.8360157612302598,H
c1ccccc1,0,7.7679468930092055,1.168628656110579,H
c1c(nccn1)C,6,9.919227707737484,-0.6979438259173052,H
