SMILES,id,qm,nmr,type
C1=CC(=O)C=CC1=O,0,8.106923499,0.992536913,H
[C@H]1(CC(=O)O1)C,5,10.32307811,-1.09935296,H
c1ccc(cc1)Cl,2,7.787677172,1.164626571,H
C(=C(\C)/C(C)C)\C,2,10.36301892,-1.100553585,H
c1c(cccc1)C,4,7.880525546,1.09258904,H
